Expected Category, Predicted Category,Content
COMPLAINT,COMPLAINT,how much time it takes get dd issued by sbi? depends for a poor a c holder operating with his her thumb it is hrs
MISCELLANEOUS,MISCELLANEOUS,you can get in touch with them through their twitter handle or their website
REQUEST,COMPLAINT,my debit card has been blocked please issue directions on what has to be done to regain access
COMPLAINT,COMPLAINT,i wrote to you almost days back but still no revert
REQUEST,REQUEST,applied irctc cr crd i m wrking in psu yrs sb a c in sbi rec msg no cibil cr with cibil cr i got car loan?
MISCELLANEOUS,MISCELLANEOUS,get social about getting a new cheque book you can now order a new cheque book via sbimingle bankingunbound
MISCELLANEOUS,MISCELLANEOUS,at this point it s a joke sbiclerk
COMPLAINT,COMPLAINT,please focus on improving customer service inside sbi bank branches officers behave as if they are the supreme authority
REQUEST,COMPLAINT,possibility of coming u tax net could repel wholesellers and msmes need awareness generation on cost of cash
COMPLAINT,COMPLAINT,i had send mail nodal and regional manager and twitter mail i d but no response
COMPLAINT,COMPLAINT,you people are not responding to thousands of tweets floating over the sbi clerk mains results this shame to sbi
MISCELLANEOUS,COMPLAINT,sbi branch is about km from my village
MISCELLANEOUS,MISCELLANEOUS,you can get in touch with them through their twitter handle or their website
MISCELLANEOUS,MISCELLANEOUS,you can get in touch with them through their twitter handle or their website
REQUEST,REQUEST,if a cheque is presented for clearing on monday can i deposit sufficient fund on sunday for it?
COMPLAINT,COMPLAINT,pathetic customer service requesting noc for my card from days calls all?
COMPLAINT,COMPLAINT,i have gone to bank thrice in weeks just to update my number its not yet done they are just saying its becoz of network
MISCELLANEOUS,MISCELLANEOUS,retwt?
COMPLIMENT,COMPLAINT,thanks for the clarification people would now be better informed about aadhaar and its usage in sbi digitalindia
MISCELLANEOUS,MISCELLANEOUS,icymi we got a new investment from our current shareholder
MISCELLANEOUS,MISCELLANEOUS,please elaborate on your concern we will be happy to assist you
REQUEST,COMPLAINT,i want to redeem my points but don t know how it be redeem plzzzzz help
COMPLAINT,COMPLAINT,i tried to call sbi customer care several time but no response
COMPLAINT,COMPLAINT,disappointed whenever i visit the e banking kiosk station headquarter lucknow the machines over?
REQUEST,COMPLAINT,need a student loan can any one help me of my branch kalna
COMPLAINT,COMPLAINT,i have already gone through d process and every time i try to login using temporary id n password it says server ever
REQUEST,REQUEST,he told me to visit my branch and apply for a new atm card
REQUEST,COMPLAINT,can name of nominee be changed online through internet banking if yes steps please
COMPLAINT,COMPLAINT,how come all of a sudden my card got blocked without any intimation? i m in a huge trouble please help
REQUEST,COMPLAINT,my account is in bareilly i don t visit bareilly anymore how can i close my account from gurgaon branch?
COMPLAINT,COMPLAINT,please stop fooling the citizens of india remove from your website that you offer loan on electric vehicles
COMPLAINT,COMPLAINT,why should go to my village just to update my mobile no ? dissapionted in services no customer frndly
COMPLAINT,COMPLAINT,this is bad password advice if a customer uses a secure unique p w they need only change if t?
COMPLAINT,REQUEST,charging for password reset feature
MISCELLANEOUS,MISCELLANEOUS,perform basic banking activities using dms through sbi?s official twitter handle follow us for more on sbimingle htt?
COMPLAINT,COMPLAINT,most shameless organization in dis world do not care about future of lakhs of students not willing to give the sbiclerk
COMPLAINT,COMPLAINT,a c no y transfer branch cant i go to some other city few days? applied new debit card via net banking
COMPLAINT,REQUEST,can you help solve the issue? regards a very frustrated education loan holder
MISCELLANEOUS,MISCELLANEOUS,retwt?
MISCELLANEOUS,MISCELLANEOUS,with hopeloans you can not only enjoy the benefits of your loan but also bethehope that lights up a million lives ht?
MISCELLANEOUS,MISCELLANEOUS,hope so
COMPLAINT,COMPLAINT,if u want money take it but don t name it as lien amount r fucking amount
COMPLAINT,COMPLAINT,sbm dharwad saptapur branch is the worst bank ever with worst staff still now they take mins to complete a challan
COMPLAINT,COMPLAINT,i feel lucky to know how to use sbi online services but concerned about those who hopefully arrive in bank branches
MISCELLANEOUS,MISCELLANEOUS,perform basic banking activities using dms through sbi?s official twitter handle follow us for more on sbimingle htt?
COMPLAINT,COMPLAINT,dot letter dtd has directed reg a c the pensioncommutedamount p mistobededucted upto
COMPLAINT,COMPLAINT,if no response comes within noon tomorrow will be forced to escalate this needless harassment of customers
COMPLAINT,COMPLAINT,email sent within minutes of your tweet it has been five hours since then just wondering if i will get a response today
MISCELLANEOUS,MISCELLANEOUS,with hopeloans you can not only enjoy the benefits of your loan but also bethehope that lights up a million lives ht?
COMPLAINT,MISCELLANEOUS,got my new sbi cc unable to activate it
MISCELLANEOUS,MISCELLANEOUS,why gained up to in intraday deals
COMPLAINT,COMPLAINT,dictatorship by sbi shame sbiclerk
REQUEST,REQUEST,please carry out surgical strikes on and bring out sbiclerk results we lac aspirants?
REQUEST,REQUEST,plz declare clerk result sbiclerk
COMPLAINT,COMPLAINT,ticket no is and a c no is incident happened on th october wrong pin used but k was deducted
REQUEST,REQUEST,sbiclerk please once question your conscience?what if your son or daughter is waiting for results?
MISCELLANEOUS,MISCELLANEOUS,excl arundhati bhattacharya chairman rosneft deal will help essar group to trim its leverage
REQUEST,REQUEST,congratulations sbi but what about sbi clerk sbiclerk
MISCELLANEOUS,MISCELLANEOUS,sbi flexi pay home loan offers flexible repayment options so that nothing gets in the way of your dreams
MISCELLANEOUS,MISCELLANEOUS,why gained up to in intraday deals
MISCELLANEOUS,MISCELLANEOUS,i email you the details
COMPLAINT,COMPLAINT,it would really be great if you can respond
COMPLAINT,COMPLAINT,got my refund after almost two weeks i strongly recommend you to get some quality customer service staff on board
COMPLAINT,COMPLAINT,i am questioning your process so please justify what i can do at home branch and not others when all your systems are online
COMPLAINT,COMPLAINT,my funds in sbi are inaccessible due to non issuance of atm card and internet banking
COMPLAINT,COMPLAINT,wt s d matter wid ur blocked my atm card widout any prior intimation nw?
COMPLAINT,COMPLAINT,hv an ac at vijaynagar branch code a bad waiting to deposit cash for minutes staff is pathetic and rude
COMPLAINT,COMPLAINT,sbi is one of the worst worst bank in india customer care totally worst services w?
COMPLAINT,COMPLAINT,at branch sbin they are not issuing atm pin asking to come after days
COMPLAINT,COMPLAINT,it s insane that one needs to visit branch just to unblock his debit card? r we living in th century?
COMPLIMENT,COMPLAINT,that s good and all government banks should be strong to develop our indian economy and best customer service
COMPLAINT,COMPLAINT,haha who ll wait for so many days bro
MISCELLANEOUS,MISCELLANEOUS,lessons in leadership from the sbi chairperson arundhati bhattacharya ishainsight
COMPLAINT,COMPLAINT,most of the time atm reply error in this area we have hear only atm approx population
COMPLAINT,COMPLAINT,thankyou for not taking any action against the problem i am facing now m sure thatthis bank is just to annoy its customers
COMPLAINT,COMPLAINT,i have deleted my sbi buddy account trying to activate it again but i am not able to
REQUEST,REQUEST,when will sbi clerk main result please declare
COMPLAINT,COMPLAINT,if this is the way the wallet is being run there will be no takers i am disappointed please refund my amount
COMPLAINT,COMPLAINT,since receipt of my new dc global visa my online shoping trxns being failled declined what to do need ur help
COMPLAINT,COMPLAINT,please give me more details vijaysheoran com or
MISCELLANEOUS,MISCELLANEOUS,sbi?s start up engagement program supports entrepreneurs by investing in it start ups sbistartupengagement
COMPLAINT,COMPLAINT,dear sir my complete number is at complete date this not fix this transaction
COMPLAINT,COMPLAINT,i am trying customer care but after waiting for longtime the call is getting disconnected my
COMPLAINT,COMPLAINT,it s not good last exam result under waiting and declare next exam notification
REQUEST,REQUEST,dear sir pls interfere for sbi clerk result share as soon as possible and declare result date
COMPLAINT,COMPLAINT,well i have already made a complain throgh call days before but i am not able to track the status as the site gets crash
COMPLAINT,COMPLAINT,central kycregistry of india rejects aadhaar based ekyc
COMPLAINT,COMPLAINT,seriously i am fedup with the services this bank is providing do you people find it fun to frustate your customer
COMPLAINT,COMPLAINT,while m entering the branch details the site automatically get crash
COMPLAINT,COMPLAINT,my atm is blocked trying to contact bank in pbn but all employees are too busy that they cant receive a ssingle call hell
MISCELLANEOUS,MISCELLANEOUS,dussehra contestalert lastchance i bought new sarees with sbi card newbeginningswithsbi
MISCELLANEOUS,MISCELLANEOUS,dussehra contestalert lastchance i bought new sarees with sbi card newbeginningswithsbi
MISCELLANEOUS,MISCELLANEOUS,dussehra contestalert lastchance i bought new scandal with sbi card newbeginningswithsbi
MISCELLANEOUS,MISCELLANEOUS,dussehra contestalert lastchance i bought new sarees with sbi card newbeginningswithsbi
MISCELLANEOUS,MISCELLANEOUS,dussehra contestalert lastchance i bought new scandal with sbi card newbeginningswithsbi
MISCELLANEOUS,MISCELLANEOUS,dussehra contestalert lastchance i bought new sarees with sbi card newbeginningswithsbi
MISCELLANEOUS,MISCELLANEOUS,newbeginnigswithsbi i bought brand new ipad mini from flipkart using sbi card offer
MISCELLANEOUS,MISCELLANEOUS,newbeginnigswithsbi i bought brand new ipad mini from flipkart using sbi card offer
MISCELLANEOUS,MISCELLANEOUS,dussehra contestalert lastchance i bought new scandal with sbi card newbeginningswithsbi
MISCELLANEOUS,MISCELLANEOUS,newbeginningswithsbi this dussehra we bring our new home with help sbi home loan thankyousbi
MISCELLANEOUS,MISCELLANEOUS,newbeginnigswithsbi i bought new smartphone for my lovely hubby
MISCELLANEOUS,MISCELLANEOUS,newbeginnigswithsbi i bought brand new ipad mini from flipkart using sbi card offer
MISCELLANEOUS,MISCELLANEOUS,newbeginnigswithsbi i bought brand new ipad mini from flipkart using sbi card offer
MISCELLANEOUS,MISCELLANEOUS,newbeginningswithsbi fitness kit to be fit everyday
MISCELLANEOUS,MISCELLANEOUS,newbeginnigswithsbi i bought brand new ipad mini from flipkart using sbi card offer
MISCELLANEOUS,MISCELLANEOUS,newbeginnigswithsbi i bought new smartphone for my lovely hubby
MISCELLANEOUS,MISCELLANEOUS,newbeginnigswithsbi i just bought brand new smart tv from
MISCELLANEOUS,MISCELLANEOUS,newbeginningswithsbi fitness kit to be fit everyday
MISCELLANEOUS,MISCELLANEOUS,newbeginnigswithsbi i bought brand new ipad mini from flipkart using sbi card offer
MISCELLANEOUS,MISCELLANEOUS,dussehra contestalert lastchance i bought new scandal with sbi card newbeginningswithsbi
MISCELLANEOUS,MISCELLANEOUS,dussehra contestalert lastchance i bought new scandal with sbi card newbeginningswithsbi
MISCELLANEOUS,MISCELLANEOUS,newbeginnigswithsbi i bought brand new ipad mini from flipkart using sbi card offer
MISCELLANEOUS,MISCELLANEOUS,newbeginningswithsbi fitness kit to be fit everyday
MISCELLANEOUS,MISCELLANEOUS,newbeginningswithsbi fitness kit to be fit everyday
MISCELLANEOUS,MISCELLANEOUS,newbeginnigswithsbi i bought new smartphone for my lovely hubby
MISCELLANEOUS,MISCELLANEOUS,dussehra contestalert lastchance i bought new scandal with sbi card newbeginningswithsbi
MISCELLANEOUS,MISCELLANEOUS,newbeginnigswithsbi i bought new smartphone for my lovely hubby
MISCELLANEOUS,MISCELLANEOUS,newbeginnigswithsbi i just bought brand new smart tv from
MISCELLANEOUS,MISCELLANEOUS,newbeginnigswithsbi i bought new smartphone for my lovely hubby
MISCELLANEOUS,MISCELLANEOUS,newbeginnigswithsbi i just bought brand new smart tv from
MISCELLANEOUS,MISCELLANEOUS,newbeginnigswithsbi i bought brand new ipad mini from flipkart using sbi card offer
MISCELLANEOUS,MISCELLANEOUS,newbeginnigswithsbi i bought new smartphone for my lovely hubby
MISCELLANEOUS,MISCELLANEOUS,newbeginningswithsbi fitness kit to be fit everyday
MISCELLANEOUS,MISCELLANEOUS,newbeginningswithsbi fitness kit to be fit everyday
MISCELLANEOUS,MISCELLANEOUS,newbeginningswithsbi this dussehra we bring our new home with help sbi home loan thankyousbi
MISCELLANEOUS,MISCELLANEOUS,excl arundhati bhattacharya chairman rosneft deal will help essar group to trim its leverage
REQUEST,COMPLAINT,someone was saying opening online a c will charge a lot
COMPLAINT,COMPLAINT,i think sbi pay his staff for excuses specially in city rural staff is still hardworking
REQUEST,REQUEST,when will you declare jaa clerical grade results?
COMPLAINT,COMPLAINT,to know the status of your atm card without going to your home branch is still not easy
COMPLAINT,COMPLAINT,sbi is one of the worst worst bank in india customer care totally worst services worst
COMPLAINT,COMPLAINT,any way start internet banking without visiting branch?registered account on sbi application but its server is always down
COMPLAINT,COMPLAINT,y r u blocking all the cards that too during this festive season that s so inconvenient it will take weeks fr a new
MISCELLANEOUS,MISCELLANEOUS,learning is a treasure to cherish procuring an education loan now made easy with vidya lakshmi to know more visit ht?
COMPLAINT,COMPLAINT,and complaints to branch manager sonari branch for refund of the amount to the correct account no but no action pls help
COMPLAINT,COMPLAINT,sbi atm debit card blocked without intimating customer and no proper communication worst bank ever seen
COMPLAINT,COMPLAINT,my card has been blocked without any intimation to me why so i contacted my home branch dibrugarh code but no feedback
COMPLAINT,COMPLAINT,its waste its bn a month i snt mail still no response noupdate i had lost k due to lack of bank security
COMPLAINT,COMPLAINT,not able to login sbi online account no proper response frm customer care
COMPLIMENT,COMPLIMENT,congratulations
COMPLAINT,COMPLAINT,can u pls explain why my atm is blocked by bank account no
MISCELLANEOUS,MISCELLANEOUS,exclusive we hope to resolve essar steel issue this fiscal many npa issues will be resolved this year ?
COMPLAINT,COMPLAINT,in the garb of kyc and social benefit schemes they want to intrude our privacy ?
COMPLIMENT,COMPLIMENT,thanks for spreading the word against aadhaar much appreciated please add?
REQUEST,REQUEST,congratulations sbi but what about sbi clerk sbiclerk
MISCELLANEOUS,MISCELLANEOUS,worlds biggest bank proud sponsor worlds biggest culinary heats ycolympiad ht?
MISCELLANEOUS,MISCELLANEOUS,financegyaan the ?abc? of banking up your banking knowledge as we simplify complex finance jargons for you
MISCELLANEOUS,MISCELLANEOUS,worlds biggest bank proud sponsor worlds biggest culinary heats ycolympiad ht?
MISCELLANEOUS,MISCELLANEOUS,worlds biggest bank proud sponsor worlds biggest culinary heats ycolympiad ht?
MISCELLANEOUS,MISCELLANEOUS,shop? then just wave to pay use sbiintouch contactless debit card for a seamless paying experience offer paywave ht?
REQUEST,COMPLAINT,why are you not responding?
MISCELLANEOUS,MISCELLANEOUS,worlds biggest bank proud sponsor worlds biggest culinary heats ycolympiad
COMPLAINT,COMPLAINT,if anyone ask for shameless irresponsible disgusting bank den is d best example sbicle?
REQUEST,REQUEST,on behalf of all the aspirants we request to declare the results of sbi clerk soon sb?
REQUEST,REQUEST,do smthing abt sbiclerk result or we should boycottsbi
REQUEST,REQUEST,declare clerk result sbiclerk
MISCELLANEOUS,MISCELLANEOUS,economic times plz support us sbiclerk
REQUEST,REQUEST,y there is much delay in sbiclerk result declaration plz look lakhs st?
COMPLAINT,COMPLAINT,dictatorship by sbi shame sbiclerk
COMPLAINT,COMPLAINT,wat u pepl want? sbiclerk is not small issue ?
REQUEST,REQUEST,if u do not want give sbiclerk results u shuldn t ve ta?
REQUEST,REQUEST,please do not play the games give us sbiclerk results
COMPLIMENT,COMPLIMENT,good
COMPLAINT,COMPLAINT,sbi shame bank of india sbiclerk
COMPLAINT,COMPLAINT,which agency handles ? extremely stupid folks
REQUEST,REQUEST,it is regarding education loan my father is salaried person bank is saying in order to get loan your salary account n
MISCELLANEOUS,MISCELLANEOUS,was notified about supreme court s order by so it has committed?
MISCELLANEOUS,MISCELLANEOUS,transferring funds is now as easy as tweeting sbimingle lets your perform twitter transactions in a secure way bank?
COMPLAINT,COMPLAINT,they call it kyc compliance but want only aadhaar not any other id address?
COMPLAINT,REQUEST,hello are you serious ?? check back what you are mentioning insufficient fund?? can you l?
COMPLAINT,COMPLAINT,the same aadhar they made fun of and election gimmick until may
COMPLAINT,COMPLAINT,but yrs employee is not careing
COMPLAINT,COMPLAINT,seniors already produce life certificate most go in person and same bank account this is sheer harassment by?
MISCELLANEOUS,MISCELLANEOUS,transferring funds is now as easy as tweeting sbimingle lets your perform twitter transactions in a secure way bank?
COMPLAINT,COMPLAINT,it is asking for atm id how will i have it as the transaction was through pos
MISCELLANEOUS,MISCELLANEOUS,was notified about supreme court s order by so it has committed?
COMPLAINT,COMPLAINT,boycott instant funds transfers with sbimingle of for violating your privacy fundamentalrights?
COMPLAINT,COMPLAINT,how can sbi win bigdata award while forcing aadhaar not respecting privacy rights shame digitalindia
MISCELLANEOUS,COMPLIMENT,essar master in keeping quota thugs happy
COMPLAINT,COMPLAINT,even your phone call doesn t work i wait for minutes and some people pick up and hang the call bullshit service
COMPLAINT,COMPLAINT,its bn a month i snt mail still no response noupdate i had lost k due to lack of bank security
MISCELLANEOUS,COMPLAINT,is this gujrat model of shrewd and dictatorship on its own citizens instead convincing them
COMPLAINT,COMPLAINT,hey what actions can be taken against for this dadagiri? hey ?
MISCELLANEOUS,MISCELLANEOUS,transferring funds is now as easy as tweeting sbimingle lets your perform twitter transactions in a secure way bank?
COMPLAINT,COMPLAINT,hey what actions can be taken against for this dadagiri? hey ?
MISCELLANEOUS,MISCELLANEOUS,transferring funds is now as easy as tweeting sbimingle lets your perform twitter transactions in a secure way bank?
MISCELLANEOUS,COMPLAINT,did u check and confirm
COMPLAINT,COMPLAINT,they call it kyc compliance but want only aadhaar not any other id address proof
COMPLAINT,COMPLAINT,its waste its bn a month i snt mail still no response noupdate i had lost k due to lack of bank security
MISCELLANEOUS,MISCELLANEOUS,this festive season bethehope for an underprivileged to have a roof over his head learn how
COMPLAINT,COMPLAINT,its waste its bn a month i snt mail still no response noupdate i had lost k due to lack of bank security
COMPLAINT,COMPLAINT,its waste its bn a month i snt mail still no response noupdate i had lost k due to lack of bank security
COMPLAINT,COMPLAINT,as compared to other banks and associated banks are a real pain too many authorities and so few hands on workers
COMPLAINT,COMPLAINT,is doing contempt as aadhaar is not mandatory for bank a cs digitalindia
COMPLAINT,COMPLAINT,yes i do regularly but u guizz are not giving any notice about the delay or date of result
MISCELLANEOUS,MISCELLANEOUS,walkathon tribute to our soldiers jaipur city girlpower timesofindia sbi
COMPLAINT,COMPLAINT,transaction id money deducted not yet refunded contacted cust care but no help
COMPLAINT,COMPLAINT,sbi onlne cmplnts brnch n ndl ofcrs mail none work pl do nedful
MISCELLANEOUS,MISCELLANEOUS,fakendra modi no strict implementation of policies everything fake sbiclerk
REQUEST,REQUEST,firstly declare the long pending result of sbiclerk then ask others to join in
MISCELLANEOUS,MISCELLANEOUS,walkathon tribute to our soldiers jaipur city girlpower timesofindia sbi
COMPLAINT,COMPLAINT,loan mela in gaya no give me loan why
MISCELLANEOUS,MISCELLANEOUS,opt for the sms based high security feature that requests for an otp to complete every transaction safebankingtip se?
REQUEST,COMPLAINT,can you tell me of provison of opening bank acvount for nepali people
MISCELLANEOUS,MISCELLANEOUS,the festive period is on follow us to keep up with exciting contests promotions and giveaways
COMPLAINT,COMPLAINT,branch blocked my atm card for no reason i dint request it am in possession of my card on a saturday afternoon??
COMPLAINT,COMPLAINT,money debit from account but doesn t come out from atm machine
MISCELLANEOUS,MISCELLANEOUS,sbi exists only because of the grace of god
COMPLAINT,COMPLAINT,please help on complain number by mistake wrong pin was used at atm but entire money from account got deducted
MISCELLANEOUS,MISCELLANEOUS,cnbctv exclusive chief we benefit from essaroildeal but need to understand by how much ?
COMPLAINT,COMPLAINT,twice during the past hrs did i report about nonfunctional atms w full details same template response from both times
COMPLAINT,COMPLAINT,which agency handles ? extremely stupid folks
MISCELLANEOUS,MISCELLANEOUS,exclusive we hope to resolve essar steel issue this fiscal many npa issues will be resolved this year ?
MISCELLANEOUS,MISCELLANEOUS,why cnbc avoiding brics
COMPLAINT,COMPLAINT,sir my housing loan interests is no low automatically without any followup frequently pbb riagarh cg
COMPLAINT,COMPLAINT,hw could u block ur custmr s atm without its permission nd when i called customer care they said they regret bt they
COMPLAINT,COMPLAINT,my atm cum debit card blocked by unknown reason and without consult me may i know the reason?
MISCELLANEOUS,MISCELLANEOUS,exclusive chmn many npa cases will be resolved this year
MISCELLANEOUS,MISCELLANEOUS,exclusive chmn confident stress in system will be lower this year
COMPLIMENT,MISCELLANEOUS,sir i am satisfied now this things may be explained by branch or by mail
MISCELLANEOUS,MISCELLANEOUS,exclusive chmn confident stress in system will be lower this year
COMPLIMENT,COMPLIMENT,congratulations to mr mrutyunjay mahapatra on being awarded best cio of the year award by csi it innovations and exc?
MISCELLANEOUS,COMPLAINT,sbi lends to an unviable project then depends on russians to bail out ridiculous
MISCELLANEOUS,MISCELLANEOUS,exclusive chief hope to see credit growth this yr lower rates too will alleviate stress ?
MISCELLANEOUS,MISCELLANEOUS,exclusive we hope to resolve essar steel issue this fiscal many npa issues will be resolved this year ?
MISCELLANEOUS,MISCELLANEOUS,essaroildeal not sure if how much essar promoters will bring into essar steel sbi chmn to
MISCELLANEOUS,MISCELLANEOUS,essarroseneftdeal we may not be repaid but new borrower will be rosneft not essar sbi chmn to
MISCELLANEOUS,MISCELLANEOUS,essarrosneftdeal we gain because buyers of essar oil have deeper pockets sbi chmn to
COMPLIMENT,COMPLIMENT,thanks
MISCELLANEOUS,MISCELLANEOUS,exclusive we hope to resolve essar steel issue this fiscal many npa issues will be resolved this year ?
MISCELLANEOUS,MISCELLANEOUS,essarrosneftdeal we gain because buyers of essar oil have deeper pockets sbi chmn to ?
COMPLAINT,COMPLAINT,today i withdraw money from atm kargil chowk godda jharkhand but get rs less money plz suggest what should i do
MISCELLANEOUS,MISCELLANEOUS,cnbctv exclusive chief we benefit from essaroildeal but need to understand by how much ?
MISCELLANEOUS,MISCELLANEOUS,cnbctv exclusive chief we benefit from essaroildeal but need to understand by how much brics
COMPLAINT,COMPLAINT,till date the problem is not resolved i have sent email also
MISCELLANEOUS,MISCELLANEOUS,perform basic banking activities using dms through sbi?s official twitter handle follow us for more on sbimingle htt?
MISCELLANEOUS,COMPLAINT,it s regarding mobile banking not internet banking
COMPLAINT,COMPLAINT,i have been taking up the issues with sbi lho chandigarh throu mails regd post but of no resolution even no response
MISCELLANEOUS,COMPLAINT,arranging new cards to be issue free of cost unilaterally without customer being harassed to visiting branch as ur n
COMPLIMENT,COMPLIMENT,congratulations to all the winners of the bankonsbi contest winners please message us your email address
COMPLAINT,COMPLAINT,nice service with any notice blocks my atm and costumer care say we don t know any why your card get block thanku
MISCELLANEOUS,MISCELLANEOUS,opt for the sms based high security feature that requests for an otp to complete every transaction safebankingtip se?
REQUEST,COMPLAINT,how do i find tan number of sub for my home loan ? the call centre staff have no clue
REQUEST,COMPLAINT,writing from vidisha where and whom to contact for credit card
REQUEST,COMPLAINT,how to get this? and how to exchange old sbi silver card with newer card which is coming these days by default?
COMPLAINT,COMPLAINT,according to a myntra offer sbi is liable to give me cash back in my account but i have not received it yet been mnth
MISCELLANEOUS,MISCELLANEOUS,shop? then just wave to pay use sbiintouch contactless debit card for a seamless paying experience offer paywave ht?
REQUEST,COMPLAINT,can you mail me solution? rameshsharma com
COMPLAINT,COMPLAINT,hi your wait queue was so long that when finally someone picked up the call i forgot what my problem was
COMPLAINT,COMPLAINT,and the sarkaari saand of an asshole who picked up the call disconnected without even saying hello
MISCELLANEOUS,MISCELLANEOUS,opt for the sms based high security feature that requests for an otp to complete every transaction safebankingtip se?
COMPLAINT,COMPLAINT,card is blocked for no reason and the officials don t have a clue of why? what s going on?
COMPLAINT,COMPLAINT,cant we use the se pin for life time while we are aware and do not disclose the pin to any
COMPLAINT,REQUEST,we do have works roaming to home branch to collect them atleast give chance to collect in area we live or work please
COMPLAINT,COMPLAINT,how can block d card without update in the home branch we know how we are using the card even did not disclosed details any
COMPLAINT,COMPLAINT,the link page won t response
COMPLAINT,COMPLAINT,worst service firstly blocked my card before expiration date without notice thn fooling wid false info pls unblck my card
COMPLAINT,COMPLAINT,mamwaitingin anishabad patnain sbi branchformy challannobody is doing anything please do something wai?
COMPLAINT,COMPLAINT,been trying to call your customer care guys havock in the name of phone banking totally unmanaged ivr services unhappy
COMPLAINT,COMPLAINT,i can t sign in mvisa in state bank anywhere mobile bank app how to fix it ?
COMPLAINT,COMPLAINT,plz see the order fulfillment receipts which clarify that the order was for gc but onl?
MISCELLANEOUS,MISCELLANEOUS,may all the goodness in and around you vanquish all the evil powers on this dussehra happydussehra everyone
MISCELLANEOUS,MISCELLANEOUS,opt for the sms based high security feature that requests for an otp to complete every transaction safebankingtip se?
COMPLIMENT,COMPLAINT,am having a very productive saturday too closing a simple sbi savings account been mins only
COMPLAINT,COMPLAINT,you ppl want me to go back to mysore from delhi to get the card and pin details after blocking my card pay air fare
COMPLAINT,COMPLAINT,wtf is the problem with you ppl my card has been blocked am not in my homeplace how will i do txn cc ppl are pathetic
COMPLAINT,COMPLAINT,pls solve n refund asap pls ??? ? ? ?
COMPLAINT,COMPLAINT,ur credit card customer service and support is the worst service i had in a long time with any company was hoping for better
COMPLAINT,COMPLAINT,receivd call frm it claiming my atm card is nt active bt i usd it see movie plz look
COMPLAINT,COMPLAINT,we are being charged for cash deposits in curent ac lacs its about of our profit please try to end?
COMPLAINT,COMPLAINT,still employee not in office it s am pune deccan branch ifsc sbin counter no poor service
COMPLAINT,COMPLAINT,sir serious complain still not solved pls help sir uregnt plsss ?
COMPLAINT,COMPLAINT,just blocks my card asks me to apply for a new one asked to wait for days autocratic service ? sbi khadakpada
COMPLAINT,COMPLAINT,this form is not working
MISCELLANEOUS,MISCELLANEOUS,opt for the sms based high security feature that requests for an otp to complete every transaction safebankingtip se?
MISCELLANEOUS,MISCELLANEOUS,opt for the sms based high security feature that requests for an otp to complete every transaction safebankingtip se?
COMPLAINT,REQUEST,suddenly sbi card gt blocked call cntr unble to help branch closed today will be moving bhutan
COMPLAINT,COMPLAINT,no its not resolved the person s contact no shared in the resolution page doesn t have any information what so ever
COMPLAINT,COMPLAINT,what is ur reply i hv raised serious concern abt psu banks sbi and sbbj why psu staff s not understand imp of customer
MISCELLANEOUS,COMPLAINT,cleanliness sbi atm
MISCELLANEOUS,MISCELLANEOUS,perform basic banking activities using dms through sbi?s official twitter handle follow us for more on sbimingle htt?
REQUEST,MISCELLANEOUS,yes to elaborate by mail or in forms?mail link required
MISCELLANEOUS,MISCELLANEOUS,spotted in coventry places all its chips on landlords to hell with first time buyers h t s f?
MISCELLANEOUS,MISCELLANEOUS,absolutely true whybapujiistargeted
COMPLAINT,COMPLAINT,waiting to see my problem rectified at the earliest
MISCELLANEOUS,MISCELLANEOUS,whybapujiistargeted cos students in asaram bapu ji s gurukuls follow vedic hindu way of e?
MISCELLANEOUS,REQUEST,my name is manish kumar and today on i visit for cheque clearing for branch amy sarha branch code
MISCELLANEOUS,COMPLAINT,the mail was sent on from raj com
COMPLAINT,COMPLAINT,with out financial governance there is no end to poverty no make in india we make c?
MISCELLANEOUS,MISCELLANEOUS,go places without losing touch with your bank download statebankanywhere a mobile banking app that lets you bank fro?
COMPLAINT,COMPLAINT,my atm card blocked without any reason i called to customer care but didn t got any response need help
COMPLAINT,COMPLAINT,bsod at the atm at maq station this afternoon wanted to take a photo but the cctv and such
MISCELLANEOUS,MISCELLANEOUS,froud stakeholders lost some banks like vijay malta sudeep roy etc
MISCELLANEOUS,MISCELLANEOUS,judiciary must examine valid evidence of conspiracy against bapuji whybapujiistargeted
MISCELLANEOUS,MISCELLANEOUS,whybapujiistargeted cos students in asaram bapu ji s gurukuls follow vedic hindu way of e?
MISCELLANEOUS,COMPLAINT,one bank can change anyone betchulars lifestyle by correct way
COMPLAINT,COMPLAINT,plz have how u r cheating me u guys are just wasting time and not letting me start my online business
MISCELLANEOUS,MISCELLANEOUS,dussehra contestalert lastchance i bought new sarees with sbi card newbeginningswithsbi
MISCELLANEOUS,MISCELLANEOUS,newbeginningswithsbi this dussehra we bring our new home with help sbi home loan thankyousbi
MISCELLANEOUS,MISCELLANEOUS,newbeginningswithsbi this dussehra we bring our new home with help sbi home loan thankyousbi
MISCELLANEOUS,MISCELLANEOUS,dussehra contestalert lastchance i bought new sarees with sbi card newbeginningswithsbi
MISCELLANEOUS,MISCELLANEOUS,dussehra contestalert lastchance i bought new sarees with sbi card newbeginningswithsbi
MISCELLANEOUS,MISCELLANEOUS,dussehra contestalert lastchance i bought new scandal with sbi card newbeginningswithsbi
MISCELLANEOUS,MISCELLANEOUS,newbeginningswithsbi this dussehra we bring our new home with help sbi home loan thankyousbi
MISCELLANEOUS,MISCELLANEOUS,dussehra contestalert lastchance i bought new scandal with sbi card newbeginningswithsbi
MISCELLANEOUS,MISCELLANEOUS,newbeginningswithsbi this dussehra we bring our new home with help sbi home loan thankyousbi
MISCELLANEOUS,MISCELLANEOUS,newbeginnigswithsbi i bought brand new ipad mini from flipkart using sbi card offer
MISCELLANEOUS,MISCELLANEOUS,newbeginningswithsbi this dussehra we bring our new home with help sbi home loan thankyousbi
MISCELLANEOUS,MISCELLANEOUS,newbeginnigswithsbi i bought new smartphone for my lovely hubby
MISCELLANEOUS,MISCELLANEOUS,newbeginnigswithsbi i bought brand new ipad mini from flipkart using sbi card offer
MISCELLANEOUS,MISCELLANEOUS,dussehra contestalert lastchance i bought new sarees with sbi card newbeginningswithsbi
MISCELLANEOUS,MISCELLANEOUS,newbeginnigswithsbi i bought brand new ipad mini from flipkart using sbi card offer
MISCELLANEOUS,MISCELLANEOUS,newbeginningswithsbi fitness kit to be fit everyday
MISCELLANEOUS,MISCELLANEOUS,newbeginnigswithsbi i bought brand new ipad mini from flipkart using sbi card offer
MISCELLANEOUS,MISCELLANEOUS,newbeginnigswithsbi i bought brand new ipad mini from flipkart using sbi card offer
MISCELLANEOUS,MISCELLANEOUS,newbeginnigswithsbi i just bought brand new smart tv from
MISCELLANEOUS,MISCELLANEOUS,dussehra contestalert lastchance i bought new scandal with sbi card newbeginningswithsbi
MISCELLANEOUS,MISCELLANEOUS,newbeginningswithsbi fitness kit to be fit everyday
MISCELLANEOUS,MISCELLANEOUS,newbeginningswithsbi fitness kit to be fit everyday
MISCELLANEOUS,MISCELLANEOUS,newbeginnigswithsbi i bought new smartphone for my lovely hubby
MISCELLANEOUS,MISCELLANEOUS,newbeginningswithsbi fitness kit to be fit everyday
MISCELLANEOUS,MISCELLANEOUS,newbeginnigswithsbi i just bought brand new smart tv from
MISCELLANEOUS,MISCELLANEOUS,newbeginnigswithsbi i just bought brand new smart tv from
MISCELLANEOUS,MISCELLANEOUS,newbeginnigswithsbi i bought new smartphone for my lovely hubby
MISCELLANEOUS,MISCELLANEOUS,newbeginnigswithsbi i bought new smartphone for my lovely hubby
MISCELLANEOUS,MISCELLANEOUS,newbeginnigswithsbi i just bought brand new smart tv from
MISCELLANEOUS,MISCELLANEOUS,newbeginnigswithsbi i just bought brand new smart tv from
MISCELLANEOUS,MISCELLANEOUS,newbeginnigswithsbi i just bought brand new smart tv from
MISCELLANEOUS,MISCELLANEOUS,newbeginnigswithsbi i just bought brand new smart tv from
MISCELLANEOUS,MISCELLANEOUS,newbeginnigswithsbi i just bought brand new smart tv from
MISCELLANEOUS,MISCELLANEOUS,newbeginnigswithsbi i just bought brand new smart tv from
MISCELLANEOUS,MISCELLANEOUS,whybapujiistargeted cos students in asaram bapu ji s gurukuls follow vedic hindu way of e?
COMPLAINT,COMPLAINT,my debit card blocked due to technical error because of sbi and customer care tells me to visit branch to unblock plz help
MISCELLANEOUS,MISCELLANEOUS,whybapujiistargeted cos students in asaram bapu ji s gurukuls follow vedic hindu way of education
REQUEST,REQUEST,what to expect this earnings season from banks?
COMPLAINT,COMPLAINT,dear sbi to my surprise my sbi debit card has been blocked without any information or confirmation or my consent
MISCELLANEOUS,COMPLAINT,hoping for positive response so that my sister will continue her studies
COMPLAINT,COMPLAINT,is it worth saying betibachaobetipadhao my sister is not getting sbi edu loan
COMPLAINT,COMPLAINT,still waiting for the clerical mains exam marks look like therez no end to this process
MISCELLANEOUS,MISCELLANEOUS,ticket no cr
MISCELLANEOUS,MISCELLANEOUS,absolutely true whybapujiistargeted
COMPLAINT,COMPLAINT,i m not getting otp on my mobile for any transaction which has made my net bnking useless cstomer care is helpless help
COMPLAINT,MISCELLANEOUS,so it takes visits to the branch to get a phone num updated as the sbi emp doesnt know the process to change ph num thnks
COMPLAINT,COMPLAINT,still show in my account but it not my current no when try to payment show otp sent on ending by
COMPLAINT,COMPLAINT,i am getting the response processing pleasewait and no further response i e iam not getting pay response please help
COMPLAINT,COMPLAINT,i requested a lot to the employees and the branch manager but they denied telling this is rule we cant deposit
COMPLAINT,COMPLAINT,shameonsbi no response from you can you provide high level escalation matrix? you are a bigshamesbi
MISCELLANEOUS,MISCELLANEOUS,with sbi s hopeloans you can not only fulfil your dreams but also bethehope that brightens many lives for details ht?
COMPLIMENT,COMPLIMENT,thrilled to have visited india s first dedicated branch for startups by got out a c opened in hour htt?
COMPLAINT,COMPLAINT,frustrated bank to every indian
COMPLAINT,COMPLAINT,my contact detail is give me a con call with ur branch staff
COMPLAINT,COMPLAINT,thr were no charges earlier wonder y they are incurred now whn there s no pain to even search a c no print the statement?
COMPLAINT,COMPLAINT,branch provided kit after hour tried to login but it is not working after they gave again kit that s also not
COMPLAINT,COMPLAINT,no call from branch no customer centric approach shown by sbi my salary account is in axis bank huge difference
COMPLAINT,COMPLAINT,but manager has been shown tradition response of govt service structure give your no n account details we will check
COMPLIMENT,COMPLIMENT,i am proud to be one of those farmers took farm insurance from tran?
COMPLAINT,REQUEST,pls do from your end to get the facility i have shared all snapshot of restriction due to view rights on rd party transfer
COMPLIMENT,COMPLIMENT,thrilled to have visited india s first dedicated branch for startups by got out a c opened in hour htt?
MISCELLANEOUS,MISCELLANEOUS,learning is a treasure to cherish procuring an education loan now made easy with vidya lakshmi to know more visit ht?
COMPLIMENT,COMPLIMENT,i am proud to be one of those farmers took farm insurance from tran?
COMPLAINT,COMPLAINT,the above link does not have any info abt procedure to convert normal account into para military force account
COMPLIMENT,COMPLIMENT,thrilled to have visited india s first dedicated branch for startups by got out a c opened in hour htt?
COMPLIMENT,COMPLIMENT,i am proud to be one of those farmers took farm insurance from transformingmaharashtra
COMPLAINT,COMPLAINT,i opened my account with sbi last month i m working in bangladesh so unable to collect my atm password from the branch
COMPLAINT,COMPLAINT,how can the bank say it? when the death certificate was given to them ten days back
COMPLAINT,COMPLAINT,very poor services in sbi never take any service
COMPLAINT,COMPLAINT,very poor services in sbi never take any service
COMPLAINT,COMPLAINT,very poor services in sbi never take any service
COMPLAINT,COMPLAINT,very poor services in sbi never take any service
COMPLAINT,COMPLAINT,very poor services in sbi never take any service
MISCELLANEOUS,COMPLAINT,i have already registered find attached the reference number cr
MISCELLANEOUS,COMPLAINT,check dm
COMPLAINT,COMPLAINT,try to solve my registered number issue with app as well as internet banking but still stuck with the problem need help
REQUEST,REQUEST,sbiclerk what s the reason behind this examination results rightinformation
MISCELLANEOUS,MISCELLANEOUS,lessons in leadership from the sbi chairperson arundhati bhattacharya ishainsight
MISCELLANEOUS,MISCELLANEOUS,plays around with interest rates on fds of senior citizens
MISCELLANEOUS,MISCELLANEOUS,you can get in touch with them through their twitter handle or their website
MISCELLANEOUS,COMPLAINT,fr success customer first energise leadership simplify innovation collaboration foresight learning adaptability resilience
COMPLAINT,COMPLAINT,i wnt to open an account in sbi but they are forcing for insurance don t know why when i have already insurance
MISCELLANEOUS,MISCELLANEOUS,followfriday top influencers this week have a great weekend
MISCELLANEOUS,MISCELLANEOUS,go places without losing touch with your bank download statebankanywhere a mobile banking app that lets you bank fro?
REQUEST,COMPLAINT,hlo sbi i have been selected as po in sbi can i know when will i get offer letter an information about medical from sbi?
MISCELLANEOUS,MISCELLANEOUS,go places without losing touch with your bank download statebankanywhere a mobile banking app that lets you bank fro?
REQUEST,COMPLAINT,cannot find an option to file rti in sbi online will you please help me with the link ?
COMPLAINT,COMPLAINT,you only bank that much charging cash handling charge at home branch above ie rs in current ac
COMPLAINT,COMPLAINT,stop treating customers as beggers you r not doing any favour statebankofindia silchar
COMPLAINT,COMPLAINT,disappointed with sbi silchar total harassment disguisting statebankofindia
COMPLAINT,COMPLAINT,atm outside payyanur pay railway station i am told it stopped working months ago beyond biza?
COMPLAINT,COMPLAINT,these are the customer care senior management both are not functional ?
COMPLAINT,COMPLAINT,it is very shameful that the sbi is the nationalise bank they are not make the commitments if government hv give the right
REQUEST,COMPLAINT,pls see the link for your quick reference basis which i am eligible for platinum debit card
MISCELLANEOUS,COMPLIMENT,the latest the giri daily thanks to bigat skypapers
COMPLAINT,COMPLAINT,hi i m not happy ur branch service manager leaves without any notice customer waiting long hour manager cabin onoct
COMPLAINT,COMPLAINT,dear sir i would like to inform you that newly added feature of updating mobile number via onlinesbi has bug
MISCELLANEOUS,MISCELLANEOUS,smt arundhati bhattacharya handed over the key to a brand new animal carcass lifting van to trustees of shri jalaram?
COMPLAINT,COMPLAINT,these are the atms with security cams i wonder who s afraid of it but this guard isn t for sure
REQUEST,REQUEST,please do not play the games give us sbiclerk results
COMPLAINT,COMPLAINT,sir i ll die if sbiclerk result wil not come i spoiled my life because of?
REQUEST,REQUEST,please do not play the games give us sbiclerk results
COMPLAINT,COMPLAINT,also my netbanking stopped working suddenly with no explanation and no help from customer care
COMPLAINT,COMPLAINT,very poor customer service the branch phone numbers provided by your customer care are wrong they refuse to take complaints
MISCELLANEOUS,MISCELLANEOUS,with sbi s hopeloans you can not only fulfil your dreams but also bethehope that brightens many lives for details ht?
MISCELLANEOUS,MISCELLANEOUS,with sbi s hopeloans you can not only fulfil your dreams but also bethehope that brightens many lives for details ht?
REQUEST,COMPLAINT,i want to purchage a buider appartment in dilshsd garden pl have a talk to some body who deals in it
COMPLAINT,COMPLAINT,any update for my concern?
MISCELLANEOUS,MISCELLANEOUS,lessons in leadership from the sbi chairperson arundhati bhattacharya ishainsight
COMPLAINT,COMPLAINT,open an atm at ajyodha village pin wb we have place and commercial electricity contact
MISCELLANEOUS,MISCELLANEOUS,with zero processing fees on sbicarloan you can now accelerate towards your dream of owning a car for details
MISCELLANEOUS,MISCELLANEOUS,with zero processing fees on sbicarloan you can now accelerate towards your dream of owning a car for details
COMPLAINT,COMPLAINT,simply closing the ticket no op without any resolution great service from sbi
COMPLAINT,COMPLAINT,kindly provide contact number of branch officer that explains regarding same recoveries
COMPLAINT,COMPLAINT,what more greviance u need it is the atm next to bank of maharashtra pimplegurav branch
COMPLIMENT,COMPLAINT,dear sir the facility has started working from today p m thank you
COMPLAINT,COMPLAINT,any justification for not crediting qty interest on ?
MISCELLANEOUS,MISCELLANEOUS,with zero processing fees on sbicarloan you can now accelerate towards your dream of owning a car for details
COMPLAINT,COMPLAINT,when u are providing mobile nos to each officer of sbi why do not they are published in your website?very poor workculture?
REQUEST,REQUEST,is a pensioner eligible for irctc sbi credit card
COMPLAINT,COMPLAINT,a bank is a place that will lend you money if you can prove that you don?t need it ?
COMPLAINT,COMPLAINT,dictatorship by sbi shame sbiclerk
COMPLAINT,COMPLAINT,online complaint filled no cr
REQUEST,COMPLAINT,i am from gaya ac no sbi main branch pay all loans before time in april
MISCELLANEOUS,COMPLAINT,ticket no raised through my online a c no ts
COMPLAINT,COMPLAINT,getting very poor service from ur branch ur branch at raipur main unable to close my od a c all dues already paid
MISCELLANEOUS,MISCELLANEOUS,be a part of india s largest digital banking revolution with sbi apply now careers newjob?
COMPLAINT,COMPLAINT,i need ur help in other case were phsical presense is required close n transfer other sbbj account pls confirm
COMPLIMENT,COMPLIMENT,thanks for your prompt response
COMPLAINT,COMPLAINT,all atm are empty here in kanpur
COMPLAINT,COMPLAINT,what about local onpine trasaction whic is also not happening
COMPLAINT,COMPLAINT,when all the criteria of mudra under mudra scheme why lot of bank hesitate to provide?
MISCELLANEOUS,MISCELLANEOUS,contestalert have you participated in the newbeginningswithsbi contest yet? tell us what you bought this dussehra an?
REQUEST,REQUEST,when sbi customers can expect the recent rbi rate cut benefits sir?
MISCELLANEOUS,MISCELLANEOUS,you can get in touch with them through their twitter handle or their website
MISCELLANEOUS,MISCELLANEOUS,the importance of being arundhati bhattacharya read what live has to say about the sbi chairman
COMPLAINT,MISCELLANEOUS,biggest mistake of my life opening account in sbi
COMPLAINT,COMPLAINT,these are the customer care senior management both are not functional
COMPLAINT,COMPLAINT,in our area we have only one cash deposit atm we cant make deposits in branches in case of emergency we cant make
MISCELLANEOUS,MISCELLANEOUS,you can get in touch with them through their twitter handle or their website
COMPLAINT,COMPLAINT,as always s poor customer service is a benchmark had asked the cces to gimme ph no of brnch they give disgust
MISCELLANEOUS,REQUEST,many apps are available free at google play download for easy banking
COMPLAINT,MISCELLANEOUS,bank not supported
COMPLAINT,COMPLAINT,rubbish trying to contact for many days customer care grievances report all are fake they provide no which are not off
COMPLAINT,REQUEST,its been more than months bt still no sign of clerk results will it be declared in ???
COMPLAINT,COMPLAINT,i tried paying my electricity bill via sbi debit card money got deducted frm account bt bill was not paid txn
MISCELLANEOUS,MISCELLANEOUS,government?s role is very crucial in the expansion of entrepreneurship says arunkumaryadav
MISCELLANEOUS,MISCELLANEOUS,government?s role is very crucial in the expansion of entrepreneurship says arunkumaryadav
COMPLAINT,COMPLAINT,very bad service jp saini from rtk branch is dumb ass and illiterate person i have ever seen in my life saynotoreservation
COMPLAINT,COMPLAINT,sir ur accounted don t hv manners how to talk with customer do needfull m one of ur account holder banch pandwa jharkhand
COMPLAINT,COMPLAINT,more than months i m facing this problem it s showing me that i don t have transactions rights and also went to branch
MISCELLANEOUS,MISCELLANEOUS,learning is a treasure to cherish procuring an education loan now made easy with vidya lakshmi to know more visit ht?
COMPLAINT,COMPLAINT,hey i have problem with ebanking of sbi i can t do any thing like funds transfer kindly see the matter
REQUEST,REQUEST,on behalf of all the aspirants we request to declare the results of sbi clerk soon sb?
REQUEST,REQUEST,declare clerk result sbiclerk
COMPLAINT,COMPLAINT,why r u ruining careers of youngster now ll clash with ibps and more will suffer declare sb?
REQUEST,REQUEST,when will sbi clerk result sbiclerk sbiclerk
MISCELLANEOUS,MISCELLANEOUS,learning is a treasure to cherish procuring an education loan now made easy with vidya lakshmi to know more visit ht?
COMPLAINT,COMPLAINT,seems to b keeping mum on this topic no response to my tweets
COMPLAINT,COMPLAINT,hi i ve written multiple times to branch to transfer my cif to branch no response yet please help
COMPLAINT,COMPLAINT,bacheli branch atm service is very poor please do something
COMPLAINT,COMPLAINT,hello sir i don t get any rply from ur side i sent a mail again please check and reply
COMPLAINT,COMPLAINT,i wnt unblock my dc as later received it n same was assited by cust care bt nw dey r nt helping asking to go to brnch
COMPLAINT,COMPLAINT,let s start campaign against for irresponsible behaviour regarding sbiclerk shamel?
REQUEST,REQUEST,a bank that boasts so much about itself can t even provide simple sbiclerk results
COMPLAINT,COMPLAINT,let s start campaign against for irresponsible behaviour regarding sbiclerk shamel?
REQUEST,REQUEST,a bank that boasts so much about itself can t even provide simple sbiclerk results
MISCELLANEOUS,MISCELLANEOUS,you can get in touch with them through their twitter handle or their website
COMPLAINT,REQUEST,not give value customers
COMPLAINT,COMPLAINT,why u failed to meet deadlines and yet not able to figure out how to enable upi itself founded by its time to shame ?
COMPLIMENT,COMPLIMENT,good
COMPLIMENT,MISCELLANEOUS,i wish state bank of india follow buddha lord serve to vegetarian world interests high time good health become bharat
COMPLIMENT,COMPLIMENT,keep going proud to be sbian
MISCELLANEOUS,MISCELLANEOUS,dussehra contestalert lastchance i bought new sarees with sbi card newbeginningswithsbi
MISCELLANEOUS,MISCELLANEOUS,dussehra contestalert lastchance i bought new sarees with sbi card newbeginningswithsbi
MISCELLANEOUS,MISCELLANEOUS,dussehra contestalert lastchance i bought new sarees with sbi card newbeginningswithsbi
MISCELLANEOUS,MISCELLANEOUS,newbeginnigswithsbi i bought brand new ipad mini from flipkart using sbi card offer
MISCELLANEOUS,MISCELLANEOUS,newbeginnigswithsbi i bought brand new ipad mini from flipkart using sbi card offer
MISCELLANEOUS,MISCELLANEOUS,newbeginningswithsbi this dussehra we bring our new home with help sbi home loan thankyousbi
MISCELLANEOUS,MISCELLANEOUS,dussehra contestalert lastchance i bought new scandal with sbi card newbeginningswithsbi
MISCELLANEOUS,MISCELLANEOUS,newbeginnigswithsbi i bought new smartphone for my lovely hubby
MISCELLANEOUS,MISCELLANEOUS,dussehra contestalert lastchance i bought new sarees with sbi card newbeginningswithsbi
MISCELLANEOUS,MISCELLANEOUS,newbeginningswithsbi fitness kit to be fit everyday
MISCELLANEOUS,MISCELLANEOUS,dussehra contestalert lastchance i bought new scandal with sbi card newbeginningswithsbi
MISCELLANEOUS,MISCELLANEOUS,newbeginnigswithsbi i bought new smartphone for my lovely hubby
MISCELLANEOUS,MISCELLANEOUS,newbeginnigswithsbi i just bought brand new smart tv from
MISCELLANEOUS,MISCELLANEOUS,newbeginnigswithsbi i bought new smartphone for my lovely hubby
MISCELLANEOUS,MISCELLANEOUS,newbeginningswithsbi fitness kit to be fit everyday
MISCELLANEOUS,MISCELLANEOUS,newbeginnigswithsbi i bought brand new ipad mini from flipkart using sbi card offer
MISCELLANEOUS,MISCELLANEOUS,newbeginningswithsbi fitness kit to be fit everyday
MISCELLANEOUS,MISCELLANEOUS,newbeginnigswithsbi i bought new smartphone for my lovely hubby
MISCELLANEOUS,MISCELLANEOUS,newbeginningswithsbi fitness kit to be fit everyday
COMPLAINT,COMPLAINT,pl cancel sbiclerk nd be done with it u can t take single decision now i dont want u to?
MISCELLANEOUS,COMPLAINT,the fell asleep on its side and woke up as the new logo
COMPLAINT,COMPLAINT,paypal doesn t accept my sbi master card how do i pay in s online ? i need to shop urgently
COMPLAINT,COMPLAINT,please go through message captured in the attached photos
COMPLAINT,COMPLAINT,i tried paying my electricity bill via sbi debit card money got deducted frm account bt bill was not paid txn
COMPLAINT,COMPLAINT,i want to apply for international platinum debit card but not getting option in my online banking?
COMPLAINT,REQUEST,different atms including at main branch in jalgaon are closed due to tech diffuculties great job
REQUEST,REQUEST,a bank that boasts so much about itself can t even provide simple sbiclerk results
COMPLAINT,COMPLAINT,how long it is going to take to restore onlinesbidown
COMPLAINT,COMPLAINT,the problem is i have forgotten my security question as well and there is no way to reset profile password online
MISCELLANEOUS,MISCELLANEOUS,if they trouble take sbi corporate office no from my blog and bajao them only one email is enough
MISCELLANEOUS,MISCELLANEOUS,marking the addition of the th foreign branch mrs arundhati bhattacharya inaugurates sbi s branch in yangon myanma?
MISCELLANEOUS,MISCELLANEOUS,marking the addition of the th foreign branch mrs arundhati bhattacharya inaugurates sbi s branch in yangon myanma?
MISCELLANEOUS,COMPLIMENT,jay mata ki jay i am work for god only and god work for me world s wide very dangers money s or bu
COMPLAINT,COMPLAINT,where?s the money? monitoring atms with rum
COMPLAINT,COMPLAINT,pl see tweet of jun provided all info in past case is of swasthya vihar delhi branch rs fd made in
COMPLIMENT,MISCELLANEOUS,thnks for support sbiclerk
COMPLAINT,COMPLAINT,pathetic services not even a reply in hours
MISCELLANEOUS,MISCELLANEOUS,marking the addition of the th foreign branch mrs arundhati bhattacharya inaugurates sbi s branch in yangon myanma?
MISCELLANEOUS,MISCELLANEOUS,smt arundhati bhattacharya handed over the key to a brand new animal carcass lifting van to trustees of shri jalaram?
MISCELLANEOUS,MISCELLANEOUS,marking the addition of the th foreign branch mrs arundhati bhattacharya inaugurates sbi s branch in yangon myanma?
REQUEST,REQUEST,sir plz ask to declare sbiclerk result its already too late we lac aspirants will be grateful to u asksrk
COMPLAINT,COMPLAINT,not releasing sbiclerk since more than mnths no notice also wat c?
COMPLAINT,COMPLAINT,sir when i could msg the reply is database not found
MISCELLANEOUS,MISCELLANEOUS,marking the addition of the th foreign branch mrs arundhati bhattacharya inaugurates sbi s branch in yangon myanma?
MISCELLANEOUS,MISCELLANEOUS,marking the addition of the th foreign branch mrs arundhati bhattacharya inaugurates sbi s branch in yangon myanma?
COMPLIMENT,COMPLIMENT,recruitment related news and updates thank you
REQUEST,REQUEST,when will be the results for sbi clerk mains come out??
MISCELLANEOUS,COMPLAINT,someone claiming from may ask for your no expiry cvv beware from such spam calls from no
MISCELLANEOUS,MISCELLANEOUS,spotted in coventry places all its chips on landlords to hell with first time buyers h t s f?
MISCELLANEOUS,MISCELLANEOUS,the importance of being arundhati bhattacharya read what live has to say about the sbi chairman
REQUEST,REQUEST,when you guys gonna release the clerk mains result? it is been too long and we the candidates are awaitaing for it
REQUEST,REQUEST,please carry out surgical strikes on and bring out sbiclerk results we lac aspirants will be grateful
MISCELLANEOUS,COMPLAINT,make truly digital by incorporating aadhar kyc with every account holder and nominee mandatory
COMPLAINT,COMPLAINT,bank has been contacted several times no further hope unless approach to follow rbi rules is changed hence record aadhar
MISCELLANEOUS,MISCELLANEOUS,spotted in coventry places all its chips on landlords to hell with first time buyers h t s f?
REQUEST,REQUEST,y there is much delay in sbiclerk result declaration plz look lakhs st?
COMPLAINT,COMPLAINT,sir pls hav a look o?
MISCELLANEOUS,MISCELLANEOUS,economic times plz support us sbiclerk
COMPLAINT,COMPLAINT,there is no new update regarding sbiclerk result since last month there is more than six months to sta?
MISCELLANEOUS,MISCELLANEOUS,be a part of india s largest digital banking revolution with sbi apply now careers newjob?
COMPLAINT,COMPLAINT,you can only add one beneficiary a day are you serious
COMPLAINT,COMPLAINT,i would be grateful so would be lakhs of consumers if you can set the staff manning branches behave well
MISCELLANEOUS,MISCELLANEOUS,be a part of india s largest digital banking revolution with sbi apply now careers newjob?
COMPLAINT,COMPLAINT,epfo payment through personal and retail login is not working from past days due date th please resolve
REQUEST,REQUEST,we want result now sbiclerk
COMPLAINT,MISCELLANEOUS,it was feel bad friday for us sbiclerk
COMPLAINT,MISCELLANEOUS,sbiclerk sbi ja result due for over days so its npa now ?
REQUEST,COMPLAINT,please add into wilful defaulters result of sbiclerk mains due more than days lacking kyc?
REQUEST,COMPLAINT,sir who evr the concrnd authority is bt do sayus wen r the sbiclerk results?
COMPLAINT,REQUEST,wakeup and post our results frustrated sbiclerk
REQUEST,REQUEST,plz publish clerk result sbiclerk
MISCELLANEOUS,MISCELLANEOUS,economic times plz support us sbiclerk
COMPLAINT,COMPLAINT,sir pls hav a look o?
MISCELLANEOUS,MISCELLANEOUS,contestalert lastchance all you have to do is tell us what?s your newest purchase this dussehra and win
MISCELLANEOUS,MISCELLANEOUS,newbeginningswithsbi travel ticket to go back home
MISCELLANEOUS,MISCELLANEOUS,newbeginningswithsbi artistic bottles on the festival
MISCELLANEOUS,MISCELLANEOUS,newbeginningswithsbi have brought pair of shoes to add on minion collection
MISCELLANEOUS,MISCELLANEOUS,contestalert lastchance all you have to do is tell us what?s your newest purchase this dussehra and win
COMPLAINT,REQUEST,sir why u are neglecting ja jaa aspirants but giving preference to po aspirants please release ja jaa result
MISCELLANEOUS,MISCELLANEOUS,smt arundhati bhattacharya handed over the key to a brand new animal carcass lifting van to trustees of shri jalaram?
MISCELLANEOUS,MISCELLANEOUS,saveidbibank donotprivatiseidbi idbi employees r united against privatisation so merge with sbi
MISCELLANEOUS,MISCELLANEOUS,digitalization is amongst the top priorities for india no bank via
COMPLAINT,COMPLAINT,i am currently in australia and will close the account when i visit india in mid in this case do i need to pay emi?
MISCELLANEOUS,MISCELLANEOUS,economic times plz support us sbiclerk
MISCELLANEOUS,MISCELLANEOUS,may all the goodness in and around you vanquish all the evil powers on this dussehra happydussehra everyone
MISCELLANEOUS,MISCELLANEOUS,contestalert lastchance all you have to do is tell us what?s your newest purchase this dussehra and win
COMPLAINT,COMPLAINT,amount refunded by now they are saying talk to your bank pls help me here
COMPLAINT,MISCELLANEOUS,hlo i m sensing sign of corruption in sbi clerk process like old times sbiclerk
MISCELLANEOUS,MISCELLANEOUS,contestalert have you participated in the newbeginningswithsbi contest yet? tell us what you bought this dussehra an?
COMPLAINT,COMPLAINT,plzz reply to my dm
MISCELLANEOUS,MISCELLANEOUS,may all the goodness in and around you vanquish all the evil powers on this dussehra happydussehra everyone
MISCELLANEOUS,MISCELLANEOUS,contestalert have you participated in the newbeginningswithsbi contest yet? tell us what you bought this dussehra an?
COMPLAINT,COMPLAINT,follow up the mail
COMPLAINT,COMPLAINT,shared the issue at customercare co in
MISCELLANEOUS,MISCELLANEOUS,smt arundhati bhattacharya handed over the key to a brand new animal carcass lifting van to trustees of shri jalaram?
MISCELLANEOUS,MISCELLANEOUS,may all the goodness in and around you vanquish all the evil powers on this dussehra happydussehra everyone
REQUEST,REQUEST,on behalf of all the aspirants we request to declare the results of sbi clerk soon sbiclerk sbiclerk
COMPLAINT,COMPLAINT,so many tweets not even a single reply sbiclerk
COMPLAINT,COMPLAINT,thanks for reply sbi but after open that link page is not responding when i click in box nothing happened
MISCELLANEOUS,MISCELLANEOUS,newbeginningswithsbi i hav always seen mom toiling to cut chop veggies in the kitchen so i brought a food processor her
MISCELLANEOUS,MISCELLANEOUS,purchase of gold items is considered good on these special days lastchance dussehra
MISCELLANEOUS,MISCELLANEOUS,contestalert lastchance all you have to do is tell us what?s your newest purchase this dussehra and win
MISCELLANEOUS,MISCELLANEOUS,may all the goodness in and around you vanquish all the evil powers on this dussehra happydussehra everyone
MISCELLANEOUS,MISCELLANEOUS,may all the goodness in and around you vanquish all the evil powers on this dussehra happydussehra everyone
MISCELLANEOUS,MISCELLANEOUS,contestalert lastchance all you have to do is tell us what?s your newest purchase this dussehra and win
MISCELLANEOUS,MISCELLANEOUS,economic times plz support us sbiclerk
MISCELLANEOUS,MISCELLANEOUS,dussehra contestalert lastchance i bought new sarees with sbi card newbeginningswithsbi
MISCELLANEOUS,MISCELLANEOUS,dussehra contestalert lastchance i bought new scandal with sbi card newbeginningswithsbi
MISCELLANEOUS,MISCELLANEOUS,dussehra contestalert lastchance i bought new scandal with sbi card newbeginningswithsbi
MISCELLANEOUS,MISCELLANEOUS,dussehra contestalert lastchance i bought new sarees with sbi card newbeginningswithsbi
MISCELLANEOUS,MISCELLANEOUS,dussehra contestalert lastchance i bought new scandal with sbi card newbeginningswithsbi
MISCELLANEOUS,MISCELLANEOUS,dussehra contestalert lastchance i bought new scandal with sbi card newbeginningswithsbi
MISCELLANEOUS,MISCELLANEOUS,dussehra contestalert lastchance i bought new scandal with sbi card newbeginningswithsbi
MISCELLANEOUS,MISCELLANEOUS,newbeginnigswithsbi i bought brand new ipad mini from flipkart using sbi card offer
MISCELLANEOUS,MISCELLANEOUS,newbeginnigswithsbi i bought new smartphone for my lovely hubby
MISCELLANEOUS,MISCELLANEOUS,newbeginningswithsbi fitness kit to be fit everyday
MISCELLANEOUS,MISCELLANEOUS,newbeginningswithsbi this dussehra we bring our new home with help sbi home loan thankyousbi
MISCELLANEOUS,MISCELLANEOUS,newbeginningswithsbi fitness kit to be fit everyday
MISCELLANEOUS,MISCELLANEOUS,newbeginnigswithsbi i just bought brand new smart tv from
MISCELLANEOUS,MISCELLANEOUS,newbeginnigswithsbi i bought brand new ipad mini from flipkart using sbi card offer
MISCELLANEOUS,MISCELLANEOUS,newbeginningswithsbi fitness kit to be fit everyday
MISCELLANEOUS,MISCELLANEOUS,newbeginningswithsbi this dussehra we bring our new home with help sbi home loan thankyousbi
MISCELLANEOUS,MISCELLANEOUS,newbeginningswithsbi this dussehra we bring our new home with help sbi home loan thankyousbi
MISCELLANEOUS,MISCELLANEOUS,dussehra contestalert lastchance i bought new scandal with sbi card newbeginningswithsbi
MISCELLANEOUS,MISCELLANEOUS,newbeginningswithsbi this dussehra we bring our new home with help sbi home loan thankyousbi
MISCELLANEOUS,MISCELLANEOUS,newbeginnigswithsbi i bought brand new ipad mini from flipkart using sbi card offer
MISCELLANEOUS,MISCELLANEOUS,newbeginnigswithsbi i bought new smartphone for my lovely hubby
REQUEST,REQUEST,is sleeping ovr sbiclerk
